<?xml version="1.0" encoding="utf-8"?>
<ApplicationInstallerManifest>
   <DefaultInstallationDirectory>/Applications/biosonix/WAHi/</DefaultInstallationDirectory>
   <ApplicationName>WAHi</ApplicationName>
   <ExecutableName>application/WAHi.exe</ExecutableName>
   <GUID>a007e4e8-f065-4593-bd68-d6045e15f91f</GUID>
   <ApplicationIcon>icon_48.png</ApplicationIcon>
   <Logo>logo1250568744334174503.png</Logo>
   <Version>1.0</Version>
   <AuthorOrganization>biosonix</AuthorOrganization>
   <WelcomePanelText>WAHi 1.0

WAH-i — Microphone Array Geometry Optimisation Tool

WAH-i is a research-grade application for designing and optimising microphone array geometries under user-defined localisation accuracy constraints. It provides a fully interactive graphical interface for iterative optimisation, manual refinement, and quantitative evaluation of array performance across three-dimensional fields of accuracy.

The application implements the methods described in the accompanying research articles and supports both exploratory single-run optimisation and systematic batch analyses. Results can be exported for downstream processing, CAD integration, and reproducible analysis workflows in MATLAB or Python.

This installer deploys a standalone version of WAH-i.
If the MATLAB Runtime is not already present, it will be installed automatically.

Issued under GPLv3. Copyright: 2026 Ravi Umadi
This program is distributed in the hope that it will be useful, but WITHOUT ANY WARRANTY; without even the implied warranty of MERCHANTABILITY or FITNESS FOR A PARTICULAR PURPOSE.

Ravi Umadi</WelcomePanelText>
   <MCRProducts>
      <MCRProduct>
         <ExternalProductIdentifier>35000</ExternalProductIdentifier>
      </MCRProduct>
      <MCRProduct>
         <ExternalProductIdentifier>35002</ExternalProductIdentifier>
      </MCRProduct>
      <MCRProduct>
         <ExternalProductIdentifier>35003</ExternalProductIdentifier>
      </MCRProduct>
      <MCRProduct>
         <ExternalProductIdentifier>35010</ExternalProductIdentifier>
      </MCRProduct>
      <MCRProduct>
         <ExternalProductIdentifier>35106</ExternalProductIdentifier>
      </MCRProduct>
      <MCRProduct>
         <ExternalProductIdentifier>35108</ExternalProductIdentifier>
      </MCRProduct>
      <MCRProduct>
         <ExternalProductIdentifier>35119</ExternalProductIdentifier>
      </MCRProduct>
      <MCRProduct>
         <ExternalProductIdentifier>35124</ExternalProductIdentifier>
      </MCRProduct>
      <MCRProduct>
         <ExternalProductIdentifier>35136</ExternalProductIdentifier>
      </MCRProduct>
      <MCRProduct>
         <ExternalProductIdentifier>35180</ExternalProductIdentifier>
      </MCRProduct>
   </MCRProducts>
</ApplicationInstallerManifest>